bar_utc,snapshots,imb1_last,imb3_last,imb5_last,imb_all_last,imb5_mean,imb5_std,depth_ratio_last,depth_ratio_mean,walls_max,spread_mean,microprice_last,flow_sum
1787046300,62,0.6667,0.4615,0.16,-0.0001,0.16,0.0,1.0002,1.0002,2,12.629677,64132.374926,0.0
1787046600,9,0.6667,0.4615,0.16,-0.0001,0.16,0.0,1.0002,1.0002,2,12.174444,64138.083442,0.0
1787046900,100,0.6667,0.4615,0.16,-0.0001,0.1568,0.0318,1.0002,1.0002,2,12.6411,64146.722249,0.0
1787047200,99,0.6667,0.4615,0.16,-0.0001,0.16,0.0,1.0002,1.0002,2,12.716566,64175.062361,0.0
1787047500,100,0.6667,0.4615,0.16,-0.0001,0.16,0.0,1.0002,1.0002,2,12.7431,64131.289375,0.0
1787047500,67,0.6667,0.4615,0.16,-0.0001,0.16,0.0,1.0002,1.0002,2,12.702687,64131.289375,0.0
1787047800,100,0.6667,0.4615,0.16,-0.0001,0.16,0.0,1.0002,1.0002,2,12.4465,64130.409714,0.0
1787048100,100,0.6667,0.4615,0.16,-0.0001,0.16,0.0,1.0002,1.0002,2,12.6619,64145.605236,0.0
1787048400,99,0.6667,0.4615,0.16,-0.0001,0.16,0.0,1.0002,1.0002,2,12.202424,64122.257924,0.0
1787048700,100,0.6667,0.4615,0.16,-0.0001,0.16,0.0,1.0002,1.0002,2,12.7073,64139.049029,0.0
1787049000,100,0.6667,0.4615,0.16,-0.0001,0.16,0.0,1.0002,1.0002,2,12.5003,64165.848897,0.0
1787049300,99,0.6667,0.4615,0.16,-0.0001,0.16,0.0,1.0002,1.0002,2,12.670707,64178.123803,0.0
1787049600,100,0.6667,0.4615,0.16,-0.0001,0.16,0.0,1.0002,1.0002,2,11.9903,64158.38184,0.0
1787049900,38,0.6667,0.4615,0.16,-0.0001,0.16,0.0,1.0002,1.0002,2,12.304211,64175.321282,0.0
1787050200,100,0.6667,0.4615,0.16,-0.0001,0.16,0.0,1.0002,1.0002,2,12.4888,64177.740744,0.0
1787050500,99,0.6667,0.4615,0.16,-0.0001,0.1568,0.032,1.0002,1.0002,2,12.426061,64174.603473,0.0
1787050800,100,0.6667,0.4615,0.16,-0.0001,0.16,0.0,1.0002,1.0002,2,12.7393,64269.504991,0.0
1787051100,100,0.6667,0.4615,0.16,-0.0001,0.16,0.0,1.0002,1.0002,2,13.069,64268.086861,0.0
1787051400,99,0.6667,0.4615,0.16,-0.0001,0.16,0.0,1.0002,1.0002,2,12.776061,64301.020619,0.0
1787051700,100,0.6667,0.4615,0.16,-0.0001,0.16,0.0,1.0002,1.0002,2,12.3047,64305.055495,0.0
1787052000,100,0.6667,0.4615,0.16,-0.0001,0.16,0.0,1.0002,1.0002,2,12.6426,64348.501736,0.0
1787052300,100,0.6667,0.4615,0.16,-0.0001,0.16,0.0,1.0002,1.0002,2,12.5868,64345.145395,0.0
1787052600,99,0.6667,0.4615,0.16,-0.0001,0.1568,0.032,1.0002,1.0002,2,12.544545,64350.507394,0.0
1787052900,90,0.6667,0.4615,0.16,-0.0001,0.16,0.0,1.0002,1.0002,2,12.559,64349.433737,0.0
1787053200,100,0.6667,0.4615,0.16,-0.0001,0.1568,0.0318,1.0002,1.0002,2,12.4462,64360.051984,0.0
1787053500,99,0.6667,0.4615,0.16,-0.0001,0.16,0.0,1.0002,1.0002,2,12.517677,64331.883947,0.0
1787053800,26,0.6667,0.4615,0.16,-0.0001,0.16,0.0,1.0002,1.0002,2,12.465,64320.866819,0.0
1787054100,100,0.6667,0.4615,0.16,-0.0001,0.16,0.0,1.0002,1.0002,2,12.5425,64324.97816,0.0
1787054400,100,0.6667,0.4615,0.16,-0.0001,0.16,0.0,1.0002,1.0002,2,12.3902,64315.69105,0.0
1787054700,100,0.6667,0.4615,0.16,-0.0001,0.16,0.0,1.0002,1.0002,2,12.5292,64269.990183,0.0
1787055000,99,0.6667,0.4615,0.16,-0.0001,0.16,0.0,1.0002,1.0002,2,12.514242,64270.833657,0.0
1787055300,100,0.6667,0.4615,0.16,-0.0001,0.16,0.0,1.0002,1.0002,2,12.0077,64263.015247,0.0
1787055600,100,0.6667,0.4615,0.16,-0.0001,0.16,0.0,1.0002,1.0002,2,12.2254,64268.084234,0.0
1787055900,100,0.6667,0.4615,0.16,-0.0001,0.16,0.0,1.0002,1.0002,2,12.1134,64273.816704,0.0
1787056200,99,0.6667,0.4615,0.16,-0.0001,0.1589,0.0105,1.0002,1.0002,2,12.610707,64275.381409,0.0
1787056500,100,0.6667,0.4615,0.16,-0.0001,0.16,0.0,1.0002,1.0002,2,12.5413,64234.771864,0.0
1787056800,100,0.6667,0.4615,0.16,-0.0001,0.16,0.0,1.0002,1.0002,2,12.2331,64221.492211,0.0
1787057100,100,0.6667,0.4615,0.16,-0.0001,0.16,0.0,1.0002,1.0002,2,12.6764,64220.462323,0.0
1787057400,99,0.6667,0.4615,0.16,-0.0001,0.16,0.0,1.0002,1.0002,2,12.471414,64212.729508,0.0
1787057700,100,0.6667,0.4615,0.16,-0.0001,0.16,0.0,1.0002,1.0002,2,12.3892,64195.227951,0.0
1787058000,100,0.6667,0.4615,0.16,-0.0001,0.16,0.0,1.0002,1.0002,2,12.3444,64151.559945,0.0
1787058300,99,0.6667,0.4615,0.16,-0.0001,0.16,0.0,1.0002,1.0002,2,12.324343,64142.091526,0.0
1787058600,100,0.6667,0.4615,0.16,-0.0001,0.16,0.0,1.0002,1.0002,2,12.4857,64162.411243,0.0
1787058900,100,0.6667,0.4615,0.16,-0.0001,0.1568,0.0318,1.0002,1.0002,2,12.2611,64100.748688,0.0
1787059200,100,0.6667,0.4615,0.16,-0.0001,0.16,0.0,1.0002,1.0002,2,12.4882,64056.348543,0.0
1787059500,99,0.6667,0.4615,0.16,-0.0001,0.16,0.0,1.0002,1.0002,2,12.397778,64041.31705,0.0
1787059800,100,0.6667,0.4615,0.16,-0.0001,0.1568,0.018,1.0002,1.0002,2,12.4225,64065.510734,0.0
1787060100,100,0.6667,0.4615,0.16,-0.0001,0.1579,0.0148,1.0002,1.0002,2,12.2856,64197.212585,0.0
1787060400,100,0.6667,0.4615,0.16,-0.0001,0.1589,0.0105,1.0002,1.0002,2,12.42,64162.34592,0.0
1787060700,99,0.6667,0.4615,0.16,-0.0001,0.1591,0.0348,1.0002,1.0002,2,12.444444,64206.47611,0.0
1787061000,100,0.6667,0.4615,0.16,-0.0001,0.16,0.0,1.0002,1.0002,2,12.3133,64105.238442,0.0
1787061300,100,0.6667,0.4615,0.16,-0.0001,0.16,0.0,1.0002,1.0002,2,12.5655,64190.845767,0.0
1787061600,99,0.6667,0.4615,0.16,-0.0001,0.16,0.0,1.0002,1.0002,2,12.634949,64341.683453,0.0
1787061900,100,0.6667,0.4615,0.16,-0.0001,0.1536,0.0448,1.0002,1.0002,2,12.3793,64266.984297,0.0
1787062200,100,0.6667,0.4615,0.16,-0.0001,0.1608,0.0076,1.0002,1.0002,2,12.3278,64230.628769,0.0
1787062500,100,0.6667,0.4615,0.16,-0.0001,0.1589,0.0105,1.0002,1.0002,2,12.46,64430.769065,0.0
1787062800,99,0.6667,0.4615,0.16,-0.0001,0.1568,0.0181,1.0002,1.0002,2,12.764141,64694.821805,0.0
1787063100,100,0.6667,0.4615,0.16,-0.0001,0.1579,0.0148,1.0002,1.0002,2,12.851,64962.52825,0.0
1787063400,100,0.6667,0.4615,0.16,-0.0001,0.1594,0.0184,1.0002,1.0002,2,12.4357,64775.645444,0.0
1787063700,100,0.6667,0.4615,0.16,-0.0001,0.16,0.0,1.0002,1.0002,2,12.1384,64739.174256,0.0
1787064000,99,0.6667,0.4615,0.16,-0.0001,0.1583,0.0339,1.0002,1.0002,2,12.248182,64757.595357,0.0
1787064300,100,0.6667,0.4615,0.16,-0.0001,0.1608,0.0076,1.0002,1.0002,2,12.5416,64772.307574,0.0
1787064600,100,0.6667,0.5484,0.2364,-0.0001,0.1608,0.0076,1.0002,1.0002,2,12.3984,64713.226505,0.0764
1787064900,99,0.6667,0.4615,0.16,-0.0001,0.1583,0.0339,1.0002,1.0002,2,12.184545,64686.979828,0.0
1787065200,100,0.6667,0.4615,0.16,-0.0001,0.16,0.0,1.0002,1.0002,2,12.7334,64758.73496,0.0
1787065500,100,0.6667,0.4615,0.16,-0.0001,0.1597,0.013,1.0002,1.0002,2,12.4201,64649.778862,0.0
1787065800,100,0.6667,0.4615,0.16,-0.0001,0.1589,0.0105,1.0002,1.0002,2,12.6219,64705.987727,0.0
1787066100,99,0.6667,0.4615,0.16,-0.0001,0.16,0.0,1.0002,1.0002,2,12.653131,64731.6161,0.0
1787066400,100,0.6667,0.4615,0.16,-0.0001,0.1608,0.0076,1.0002,1.0002,2,12.6559,64730.257193,0.0
1787066700,100,0.6667,0.4615,0.16,-0.0001,0.16,0.0,1.0002,1.0002,2,12.6897,64768.990175,0.0
1787067000,90,0.6667,0.4615,0.16,-0.0001,0.1564,0.0335,1.0002,1.0002,2,12.549444,64836.623952,0.0
1787067300,99,0.6667,0.4615,0.16,-0.0001,0.16,0.0,1.0002,1.0002,2,12.521414,64814.971421,0.0
1787067600,100,0.6667,0.4615,0.16,-0.0001,0.1568,0.0318,1.0002,1.0002,2,12.7002,64783.42747,0.0
1787067900,100,0.6667,0.4615,0.16,-0.0001,0.16,0.0,1.0002,1.0002,2,12.6432,64796.48713,0.0
1787068200,99,0.6667,0.4615,0.16,-0.0001,0.16,0.0,1.0002,1.0002,2,12.859697,64827.661064,0.0
1787068500,100,0.6667,0.4615,0.16,-0.0001,0.16,0.0,1.0002,1.0002,2,12.8899,64825.5159,0.0
1787068800,100,0.6667,0.4615,0.16,-0.0001,0.1568,0.0318,1.0002,1.0002,2,12.4787,64820.995616,0.0
1787069100,100,0.6667,0.4615,0.16,-0.0001,0.16,0.0,1.0002,1.0002,2,12.5253,64749.659417,0.0
1787069400,99,0.6667,0.4615,0.16,-0.0001,0.1608,0.0076,1.0002,1.0002,2,12.251515,64720.206378,0.0
1787069700,100,0.6667,0.4615,0.16,-0.0001,0.16,0.0,1.0002,1.0002,2,12.4119,64709.263883,0.0
1787070000,100,0.6667,0.4615,0.16,-0.0001,0.1615,0.0107,1.0002,1.0002,2,12.6303,64694.962653,0.0
1787070300,100,0.6667,0.4615,0.16,-0.0001,0.16,0.0,1.0002,1.0002,2,12.5395,64670.811085,0.0
1787070600,99,0.6667,0.5484,0.2364,-0.0001,0.1623,0.0131,1.0002,1.0002,2,12.966566,64712.292507,0.0764
1787070900,100,0.6667,0.4615,0.16,-0.0001,0.1568,0.0318,1.0002,1.0002,2,12.5504,64762.22576,0.0
1787071200,100,0.6667,0.4615,0.16,-0.0001,0.1608,0.0076,1.0002,1.0002,2,12.2952,64758.718743,0.0
1787071500,99,0.6667,0.4615,0.16,-0.0001,0.16,0.0,1.0002,1.0002,2,12.494343,64780.29648,0.0
1787071800,100,0.6667,0.4615,0.16,-0.0001,0.16,0.0,1.0002,1.0002,2,12.6294,64787.206127,0.0
1787072100,100,0.6667,0.4615,0.16,-0.0001,0.1568,0.0318,1.0002,1.0002,2,12.7916,64805.203725,0.0
1787072400,100,0.6667,0.4615,0.16,-0.0001,0.16,0.0,1.0002,1.0002,2,12.5605,64778.943766,0.0
1787072700,99,0.6667,0.4615,0.16,-0.0001,0.1568,0.032,1.0002,1.0002,2,12.628182,64756.473973,0.0
1787073000,100,0.6667,0.4615,0.16,-0.0001,0.16,0.0,1.0002,1.0002,2,12.8767,64773.659829,0.0
1787073300,100,0.6667,0.4615,0.16,-0.0001,0.1453,0.1189,1.0002,1.0001,2,13.0876,64762.08221,0.0
1787073600,100,0.6667,0.4615,0.16,-0.0001,0.16,0.0,1.0002,1.0002,2,13.1236,64773.826488,0.0
1787073900,99,0.6667,0.4615,0.16,-0.0001,0.1568,0.032,1.0002,1.0002,2,13.127778,64796.866556,0.0
1787074200,100,0.6667,0.4615,0.16,-0.0001,0.1568,0.0318,1.0002,1.0002,2,12.6707,64756.405537,0.0
1787074500,100,0.6667,0.4615,0.16,-0.0001,0.1504,0.0546,1.0002,1.0002,2,12.5299,64735.891957,0.0
1787074800,100,0.6667,0.4615,0.16,-0.0001,0.1568,0.0318,1.0002,1.0002,2,12.4208,64696.054388,0.0
1787075100,99,0.6667,0.4615,0.16,-0.0001,0.1535,0.045,1.0002,1.0002,2,12.503535,64664.983776,0.0
1787075400,100,0.6667,0.4615,0.16,-0.0001,0.16,0.0,1.0002,1.0002,2,12.6331,64671.415748,0.0
1787075700,100,0.6667,0.4615,0.16,-0.0001,0.1568,0.0318,1.0002,1.0002,2,12.5968,64633.984631,0.0
1787076000,9,0.6667,0.4615,0.16,-0.0001,0.16,0.0,1.0002,1.0002,2,13.368889,64646.161244,0.0
1787076300,99,0.6667,0.4615,0.16,-0.0001,0.16,0.0,1.0002,1.0002,2,13.074545,64668.005776,0.0
1787076600,100,0.6667,0.4615,0.16,-0.0001,0.1608,0.0076,1.0002,1.0002,2,12.8532,64704.128369,0.0
1787076900,100,0.6667,0.4615,0.16,-0.0001,0.16,0.0,1.0002,1.0002,2,12.4724,64735.295471,0.0
1787077200,100,0.6667,0.4615,0.16,-0.0001,0.16,0.0,1.0002,1.0002,2,12.6221,64751.072644,0.0
1787077500,99,0.6667,0.4615,0.16,-0.0001,0.1568,0.032,1.0002,1.0002,2,12.874747,64764.947531,0.0
1787077800,100,0.6667,0.4615,0.16,-0.0001,0.16,0.0,1.0002,1.0002,2,12.8151,64756.207598,0.0
1787078100,100,0.6667,0.4615,0.16,-0.0001,0.1536,0.0448,1.0002,1.0002,2,13.0202,64767.644222,0.0
1787078400,100,0.6667,0.4615,0.16,-0.0001,0.16,0.0,1.0002,1.0002,2,12.3651,64715.526667,0.0
1787078700,9,0.6667,0.4615,0.16,-0.0001,0.16,0.0,1.0002,1.0002,2,12.962222,64726.412521,0.0
1787079300,20,0.6667,0.4615,0.16,-0.0001,0.16,0.0,1.0002,1.0002,2,12.4545,64746.67262,0.0
1787079600,100,0.6667,0.4615,0.16,-0.0001,0.16,0.0,1.0002,1.0002,2,12.3022,64719.562614,0.0
1787079900,99,0.6667,0.4615,0.16,-0.0001,0.16,0.0,1.0002,1.0002,2,12.397879,64685.940904,0.0
1787080200,100,0.6667,0.4615,0.16,-0.0001,0.16,0.0,1.0002,1.0002,2,12.3878,64690.502756,0.0
1787080500,100,0.6667,0.4615,0.16,-0.0001,0.1608,0.0076,1.0002,1.0002,2,12.2617,64682.918398,0.0
1787080800,99,0.6667,0.4615,0.16,-0.0001,0.1615,0.0107,1.0002,1.0002,2,12.534242,64703.886192,0.0
1787081100,100,0.6667,0.4615,0.16,-0.0001,0.1608,0.0076,1.0002,1.0002,2,12.5755,64748.570363,0.0
1787081400,100,0.6667,0.4615,0.16,-0.0001,0.1608,0.0076,1.0002,1.0002,2,12.5511,64708.440479,0.0
1787081700,100,0.6667,0.4615,0.16,-0.0001,0.16,0.0,1.0002,1.0002,2,12.2754,64689.115705,0.0
1787082000,99,0.6667,0.4615,0.16,-0.0001,0.1568,0.032,1.0002,1.0002,2,12.450404,64646.48402,0.0
1787082300,100,0.6667,0.4615,0.16,-0.0001,0.1608,0.0076,1.0002,1.0002,2,12.3143,64640.950105,0.0
1787082600,100,0.6667,0.4615,0.16,-0.0001,0.16,0.0,1.0002,1.0002,2,12.4585,64634.818033,0.0
1787082900,99,0.6667,0.4615,0.16,-0.0001,0.16,0.0,1.0002,1.0002,2,12.343333,64617.803988,0.0
1787083200,100,0.6667,0.4615,0.16,-0.0001,0.16,0.0,1.0002,1.0002,2,12.3509,64564.595235,0.0
1787083500,100,0.6667,0.4615,0.16,-0.0001,0.16,0.0,1.0002,1.0002,2,12.7146,64620.764174,0.0
1787083800,100,0.6667,0.4615,0.16,-0.0001,0.1568,0.0318,1.0002,1.0002,2,12.4783,64626.001588,0.0
1787084100,99,0.6667,0.4615,0.16,-0.0001,0.16,0.0,1.0002,1.0002,2,12.414343,64600.153508,0.0
1787084400,100,0.6667,0.4615,0.16,-0.0001,0.16,0.0,1.0002,1.0002,2,12.4373,64599.136582,0.0
1787084700,100,0.6667,0.4615,0.16,-0.0001,0.16,0.0,1.0002,1.0002,2,12.6161,64580.921283,0.0
1787085000,100,0.6667,0.4615,0.16,-0.0001,0.1589,0.0105,1.0002,1.0002,2,12.5929,64601.624536,0.0
1787085300,99,0.6667,0.4615,0.16,-0.0001,0.16,0.0,1.0002,1.0002,2,12.628586,64606.12159,0.0
1787085600,100,0.6667,0.4615,0.16,-0.0001,0.16,0.0,1.0002,1.0002,2,12.1012,64575.726681,0.0
1787085900,100,0.6667,0.4615,0.16,-0.0001,0.16,0.0,1.0002,1.0002,2,12.3116,64550.548353,0.0
1787086200,99,0.6667,0.4615,0.16,-0.0001,0.1568,0.032,1.0002,1.0002,2,12.505253,64569.979306,0.0
1787086500,100,0.6667,0.4615,0.16,-0.0001,0.16,0.0,1.0002,1.0002,2,12.7985,64548.198952,0.0
1787086800,100,0.6667,0.4615,0.16,-0.0001,0.1576,0.0328,1.0002,1.0002,2,12.5966,64573.052797,0.0
1787087100,100,0.6667,0.4615,0.16,-0.0001,0.1568,0.0318,1.0002,1.0002,2,12.6643,64597.9456,0.0
1787087400,99,0.6667,0.4615,0.16,-0.0001,0.16,0.0,1.0002,1.0002,2,12.675051,64593.764032,0.0
1787087700,100,0.6667,0.4615,0.16,-0.0001,0.1568,0.0318,1.0002,1.0002,2,12.5067,64580.261225,0.0
1787088000,100,0.6667,0.4615,0.16,-0.0001,0.16,0.0,1.0002,1.0002,2,13.1731,64593.38899,0.0
1787088300,99,0.6667,0.4615,0.16,-0.0001,0.1589,0.0105,1.0002,1.0002,2,12.734949,64595.09549,0.0
1787088600,100,0.6667,0.4615,0.16,-0.0001,0.1591,0.0346,1.0002,1.0002,2,12.5369,64573.49718,0.0
1787088900,100,0.6667,0.4615,0.16,-0.0001,0.16,0.0,1.0002,1.0002,2,12.1784,64558.173719,0.0
1787089200,100,0.6667,0.4615,0.16,-0.0001,0.1568,0.0318,1.0002,1.0002,2,12.5095,64552.058073,0.0
1787089500,99,0.6667,0.4615,0.16,-0.0001,0.16,0.0,1.0002,1.0002,2,12.281414,64581.534028,0.0
1787089800,100,0.6667,0.4615,0.16,-0.0001,0.16,0.0,1.0002,1.0002,2,12.2815,64565.49298,0.0
1787090100,100,0.6667,0.4615,0.16,-0.0001,0.16,0.0,1.0002,1.0002,2,12.0605,64567.939712,0.0
1787090400,99,0.6667,0.4615,0.16,-0.0001,0.1589,0.0105,1.0002,1.0002,2,12.188889,64557.362854,0.0
1787090700,100,0.6667,0.4615,0.16,-0.0001,0.1516,0.0286,1.0002,1.0002,2,12.2532,64563.146457,0.0
1787091000,100,0.6667,0.4615,0.16,-0.0001,0.16,0.0,1.0002,1.0002,2,12.8032,64540.393798,0.0
1787091300,100,0.6667,0.4615,0.16,-0.0001,0.1557,0.0334,1.0002,1.0002,2,12.7517,64558.046541,0.0
1787091600,99,0.6667,0.4615,0.16,-0.0001,0.16,0.0,1.0002,1.0002,2,12.324848,64548.270043,0.0
1787091900,100,0.6667,0.4615,0.16,-0.0001,0.1568,0.0318,1.0002,1.0002,2,12.2289,64565.453372,0.0
1787092200,100,0.6667,0.4615,0.16,-0.0001,0.16,0.0,1.0002,1.0002,2,12.8784,64589.67539,0.0
1787092500,100,0.6667,0.4615,0.16,-0.0001,0.1568,0.0318,1.0002,1.0002,2,12.6757,64618.436309,0.0
1787092800,99,0.6667,0.4615,0.16,-0.0001,0.16,0.0,1.0002,1.0002,2,12.610101,64606.196638,0.0
1787093100,100,0.6667,0.4615,0.16,-0.0001,0.16,0.0,1.0002,1.0002,2,12.3485,64596.861805,0.0
1787093400,100,0.6667,0.4615,0.16,-0.0001,0.16,0.0,1.0002,1.0002,2,12.5266,64575.047736,0.0
1787093700,99,0.6667,0.4615,0.16,-0.0001,0.1568,0.032,1.0002,1.0002,2,12.348384,64608.759183,0.0
1787094000,100,0.6667,0.4615,0.16,-0.0001,0.16,0.0,1.0002,1.0002,2,12.8242,64655.524865,0.0
1787094300,100,0.6667,0.4615,0.16,-0.0001,0.16,0.0,1.0002,1.0002,2,12.5744,64642.061116,0.0
1787094600,100,0.6667,0.4615,0.16,-0.0001,0.16,0.0,1.0002,1.0002,2,13.0608,64668.166046,0.0
1787094900,99,0.6667,0.4615,0.16,-0.0001,0.16,0.0,1.0002,1.0002,2,12.398485,64679.009365,0.0
1787095200,100,0.6667,0.4615,0.16,-0.0001,0.16,0.0,1.0002,1.0002,2,12.5005,64701.3273,0.0
1787095500,100,0.6667,0.4615,0.16,-0.0001,0.16,0.0,1.0002,1.0002,2,12.7529,64689.652965,0.0
1787095800,100,0.6667,0.4615,0.16,-0.0001,0.16,0.0,1.0002,1.0002,2,12.7857,64725.500626,0.0
1787096100,99,0.6667,0.4615,0.16,-0.0001,0.16,0.0,1.0002,1.0002,2,12.717475,64726.580226,0.0
1787096400,100,0.6667,0.4615,0.16,-0.0001,0.16,0.0,1.0002,1.0002,2,12.8625,64742.880354,0.0
1787096700,100,0.6667,0.4615,0.16,-0.0001,0.1568,0.0318,1.0002,1.0002,2,12.4263,64726.468148,0.0
1787097000,100,0.6667,0.4615,0.16,-0.0001,0.16,0.0,1.0002,1.0002,2,12.8464,64710.268929,0.0
1787097300,99,0.6667,0.4615,0.16,-0.0001,0.16,0.0,1.0002,1.0002,2,12.530303,64694.499629,0.0
1787097600,100,0.6667,0.4615,0.16,-0.0001,0.16,0.0,1.0002,1.0002,2,12.8631,64599.904592,0.0
1787097900,100,0.6667,0.4615,0.16,-0.0001,0.16,0.0,1.0002,1.0002,2,12.6565,64605.320399,0.0
1787098200,100,0.6667,0.4615,0.16,-0.0001,0.16,0.0,1.0002,1.0002,2,12.3137,64537.474675,0.0
1787098500,99,0.6667,0.4615,0.16,-0.0001,0.1623,0.0131,1.0002,1.0002,2,12.765657,64562.511565,0.0
1787098800,100,0.6667,0.4615,0.16,-0.0001,0.1608,0.0076,1.0002,1.0002,2,12.6927,64577.820708,0.0
1787099100,100,0.6667,0.4615,0.16,-0.0001,0.1568,0.0318,1.0002,1.0002,2,12.464,64573.01493,0.32
1787099400,99,0.6667,0.4615,0.16,-0.0001,0.1608,0.0076,1.0002,1.0002,2,12.754545,64613.382201,0.0
1787099700,100,0.6667,0.4615,0.16,-0.0001,0.16,0.0,1.0002,1.0002,2,12.6913,64611.058586,0.0
1787100000,100,0.6667,0.4615,0.16,-0.0001,0.1568,0.0318,1.0002,1.0002,2,12.4535,64524.580938,0.0
1787100300,100,0.6667,0.4615,0.16,-0.0001,0.1568,0.0318,1.0002,1.0002,2,12.4815,64544.485057,0.0
1787100600,99,0.6667,0.4615,0.16,-0.0001,0.16,0.0,1.0002,1.0002,2,12.829697,64499.120978,0.0
1787100900,100,0.6667,0.4615,0.16,-0.0001,0.1568,0.0318,1.0002,1.0002,2,12.3018,64460.20612,0.0
1787101200,100,0.6667,0.4615,0.16,-0.0001,0.16,0.0,1.0002,1.0002,2,12.385,64415.464907,0.0
1787101500,100,0.6667,0.4615,0.16,-0.0001,0.1576,0.0328,1.0002,1.0002,2,12.4201,64509.590928,0.0
1787101800,99,0.6667,0.4615,0.16,-0.0001,0.1568,0.032,1.0002,1.0002,2,12.245152,64495.070155,0.0
1787102100,100,0.6667,0.4615,0.16,-0.0001,0.16,0.0,1.0002,1.0002,2,12.3833,64485.441603,0.0
1787102400,100,0.6667,0.4615,0.16,-0.0001,0.1568,0.0318,1.0002,1.0002,2,12.4528,64449.614655,0.0
1787102700,99,0.6667,0.4615,0.16,-0.0001,0.16,0.0,1.0002,1.0002,2,12.55899,64457.642034,0.0
1787103000,100,0.6667,0.4615,0.16,-0.0001,0.16,0.0,1.0002,1.0002,2,12.5691,64439.751995,0.0
1787103300,100,0.6667,0.4615,0.16,-0.0001,0.1557,0.0334,1.0002,1.0002,2,12.2387,64434.291104,0.0
1787103600,100,0.6667,0.4615,0.16,-0.0001,0.16,0.0,1.0002,1.0002,2,12.4151,64386.059733,0.0
1787103900,99,0.6667,0.4615,0.16,-0.0001,0.16,0.0,1.0002,1.0002,2,12.266162,64378.654993,0.0
1787104200,100,0.6667,0.4615,0.16,-0.0001,0.16,0.0,1.0002,1.0002,2,12.0098,64392.697125,0.0
1787104500,100,0.6667,0.4615,0.16,-0.0001,0.16,0.0,1.0002,1.0002,2,12.2242,64371.630237,0.0
1787104800,99,0.6667,0.4615,0.16,-0.0001,0.1608,0.0076,1.0002,1.0002,2,12.12697,64340.204407,0.0
1787105100,100,0.6667,0.4615,0.16,-0.0001,0.16,0.0,1.0002,1.0002,2,12.1942,64330.124171,0.0
1787105400,100,0.6667,0.4615,0.16,-0.0001,0.16,0.0,1.0002,1.0002,2,12.5282,64367.379996,0.0
1787105700,100,0.6667,0.4615,0.16,-0.0001,0.16,0.0,1.0002,1.0002,2,12.2886,64325.397802,0.0
1787106000,99,0.6667,0.4615,0.16,-0.0001,0.16,0.0,1.0002,1.0002,2,12.53596,64367.345599,0.0
1787106300,100,0.6667,0.4615,0.16,-0.0001,0.16,0.0,1.0002,1.0002,2,12.3288,64363.224855,0.0
1787106600,100,0.6667,0.4615,0.16,-0.0001,0.16,0.0,1.0002,1.0002,2,12.0916,64342.951509,0.0
1787106900,99,0.6667,0.4615,0.16,-0.0001,0.1608,0.0076,1.0002,1.0002,2,12.585556,64378.715313,0.0
1787107200,100,0.6667,0.4615,0.16,-0.0001,0.16,0.0,1.0002,1.0002,2,12.2105,64358.79816,0.0
1787107500,100,0.6667,0.4615,0.16,-0.0001,0.16,0.0,1.0002,1.0002,2,12.2581,64343.607669,0.0
1787107800,100,0.6667,0.4615,0.16,-0.0001,0.16,0.0,1.0002,1.0002,2,12.4163,64315.304477,0.0
1787108100,99,0.6667,0.4615,0.16,-0.0001,0.16,0.0,1.0002,1.0002,2,12.134646,64320.948835,0.0
1787108400,100,0.6667,0.4615,0.16,-0.0001,0.16,0.0,1.0002,1.0002,2,12.6953,64319.888726,0.0
1787108700,100,0.6667,0.4615,0.16,-0.0001,0.16,0.0,1.0002,1.0002,2,12.4702,64266.014584,0.0
1787109000,100,0.6667,0.4615,0.16,-0.0001,0.16,0.0,1.0002,1.0002,2,12.4393,64319.108441,0.0
1787109300,99,0.6667,0.4615,0.16,-0.0001,0.16,0.0,1.0002,1.0002,2,12.393939,64374.34231,0.0
1787109600,100,0.6667,0.4615,0.16,-0.0001,0.1568,0.0318,1.0002,1.0002,2,12.2083,64338.979222,0.0
1787109900,100,0.6667,0.4615,0.16,-0.0001,0.16,0.0,1.0002,1.0002,2,12.4915,64331.595081,0.0
1787110200,100,0.6667,0.4615,0.16,-0.0001,0.16,0.0,1.0002,1.0002,2,12.3929,64312.312491,0.0
1787110500,99,0.6667,0.4615,0.16,-0.0001,0.16,0.0,1.0002,1.0002,2,12.453333,64303.463581,0.0
1787110800,100,0.6667,0.4615,0.16,-0.0001,0.1589,0.0105,1.0002,1.0002,2,12.4685,64312.282943,0.0
1787111100,100,0.6667,0.4615,0.16,-0.0001,0.16,0.0,1.0002,1.0002,2,12.5968,64335.401176,0.0
1787111400,100,0.6667,0.4615,0.16,-0.0001,0.16,0.0,1.0002,1.0002,2,12.2364,64303.23439,0.0
1787111700,99,0.6667,0.4615,0.16,-0.0001,0.16,0.0,1.0002,1.0002,2,12.171111,64297.629489,0.0
1787112000,100,0.6667,0.4615,0.16,-0.0001,0.16,0.0,1.0002,1.0002,2,12.4572,64279.856885,0.0
1787112300,100,0.6667,0.4615,0.16,-0.0001,0.16,0.0,1.0002,1.0002,2,12.2937,64267.990168,0.0
1787112600,100,0.6667,0.4615,0.16,-0.0001,0.16,0.0,1.0002,1.0002,2,12.3871,64284.192845,0.0
1787112900,99,0.6667,0.4615,0.16,-0.0001,0.16,0.0,1.0002,1.0002,2,12.502424,64334.068074,0.0
1787113200,100,0.6667,0.4615,0.16,-0.0001,0.16,0.0,1.0002,1.0002,2,12.4772,64349.132196,0.0
1787113500,100,0.6667,0.4615,0.16,-0.0001,0.1568,0.0318,1.0002,1.0002,2,12.2228,64327.686145,0.0
1787113800,100,0.6667,0.4615,0.16,-0.0001,0.1568,0.0318,1.0002,1.0002,2,12.628,64325.462917,0.0
1787114100,99,0.6667,0.4615,0.16,-0.0001,0.16,0.0,1.0002,1.0002,2,12.590707,64314.338941,0.0
1787114400,100,0.6667,0.4615,0.16,-0.0001,0.1568,0.0318,1.0002,1.0002,2,12.321,64312.950905,0.0
1787114700,100,0.6667,0.4615,0.16,-0.0001,0.16,0.0,1.0002,1.0002,2,12.3191,64314.757432,0.0
1787115000,99,0.6667,0.4615,0.16,-0.0001,0.16,0.0,1.0002,1.0002,2,12.376465,64295.130336,0.0
1787115300,100,0.6667,0.4615,0.16,-0.0001,0.16,0.0,1.0002,1.0002,2,12.5658,64284.626276,0.0
1787115600,100,0.6667,0.4615,0.16,-0.0001,0.16,0.0,1.0002,1.0002,2,12.6083,64322.255401,0.0
1787115900,100,0.6667,0.4615,0.16,-0.0001,0.1568,0.0318,1.0002,1.0002,2,12.3957,64351.953155,0.0
1787116200,99,0.6667,0.4615,0.16,-0.0001,0.16,0.0,1.0002,1.0002,2,12.301111,64369.458403,0.0
1787116500,22,0.6667,0.4615,0.16,-0.0001,0.1455,0.0667,1.0002,1.0002,2,11.921818,64305.376545,0.0
1787116800,100,0.6667,0.4615,0.16,-0.0001,0.16,0.0,1.0002,1.0002,2,12.3963,64300.050653,0.0
1787117100,100,0.6667,0.4615,0.16,-0.0001,0.1504,0.0546,1.0002,1.0002,2,12.4389,64325.88394,0.0
1787117400,100,0.6667,0.4615,0.16,-0.0001,0.16,0.0,1.0002,1.0002,2,12.4022,64313.709442,0.0
1787117700,99,0.6667,0.4615,0.16,-0.0001,0.16,0.0,1.0002,1.0002,2,12.34202,64304.32782,0.0
1787118000,99,0.6667,0.4615,0.16,-0.0001,0.16,0.0,1.0002,1.0002,2,12.308182,64288.107672,0.0
1787118300,100,0.6667,0.4615,0.16,-0.0001,0.16,0.0,1.0002,1.0002,2,12.2362,64269.375373,0.0
1787118600,100,0.6667,0.4615,0.16,-0.0001,0.16,0.0,1.0002,1.0002,2,12.6309,64234.42542,0.0
1787118900,100,0.6667,0.4615,0.16,-0.0001,0.16,0.0,1.0002,1.0002,2,12.3427,64211.161274,0.0
1787119200,99,0.6667,0.4615,0.16,-0.0001,0.16,0.0,1.0002,1.0002,2,12.222828,64181.319953,0.0
1787119500,100,0.6667,0.4615,0.16,-0.0001,0.16,0.0,1.0002,1.0002,2,12.3665,64152.631263,0.0
1787119800,100,0.6667,0.4615,0.16,-0.0001,0.16,0.0,1.0002,1.0002,2,12.7438,64148.980305,0.0
1787120100,100,0.6667,0.4615,0.16,-0.0001,0.1568,0.0318,1.0002,1.0002,2,12.5404,64219.148774,0.0
1787120400,99,0.6667,0.4615,0.16,-0.0001,0.1557,0.0336,1.0002,1.0002,2,12.316263,64274.736792,0.0
1787120700,100,0.6667,0.4615,0.16,-0.0001,0.16,0.0,1.0002,1.0002,2,12.516,64243.636051,0.0
1787121000,100,0.6667,0.4615,0.16,-0.0001,0.16,0.0,1.0002,1.0002,2,12.2555,64239.704557,0.0
1787121300,100,0.6667,0.4615,0.16,-0.0001,0.16,0.0,1.0002,1.0002,2,12.5708,64262.528246,0.0
1787121600,99,0.6667,0.4615,0.16,-0.0001,0.16,0.0,1.0002,1.0002,2,12.058485,64241.028129,0.0
1787121900,100,0.6667,0.4615,0.16,-0.0001,0.1536,0.0448,1.0002,1.0002,2,12.4293,64288.497309,0.0
1787122200,100,0.6667,0.4615,0.16,-0.0001,0.1568,0.0318,1.0002,1.0002,2,12.7463,64300.082617,0.0
1787122500,100,0.6667,0.4615,0.16,-0.0001,0.16,0.0,1.0002,1.0002,2,12.4522,64315.806364,0.0
1787122800,99,0.6667,0.4615,0.16,-0.0001,0.16,0.0,1.0002,1.0002,2,12.403939,64259.839017,0.0
1787123100,100,0.6667,0.4615,0.16,-0.0001,0.1568,0.0318,1.0002,1.0002,2,12.4654,64277.034754,0.0
1787123400,100,0.6667,0.4615,0.16,-0.0001,0.1589,0.0105,1.0002,1.0002,2,12.3917,64349.629692,0.0
1787123700,100,0.6667,0.4615,0.16,-0.0001,0.16,0.0,1.0002,1.0002,2,12.2266,64286.144889,0.0
1787124000,99,0.6667,0.4615,0.16,-0.0001,0.1568,0.032,1.0002,1.0002,2,12.609596,64321.826485,0.0
1787124300,100,0.6667,0.4615,0.16,-0.0001,0.16,0.0,1.0002,1.0002,2,12.5486,64309.470248,0.0
1787124600,100,0.6667,0.4615,0.16,-0.0001,0.16,0.0,1.0002,1.0002,2,12.6389,64350.933716,0.0
1787124900,100,0.6667,0.4615,0.16,-0.0001,0.16,0.0,1.0002,1.0002,2,12.4125,64351.358884,0.0
1787125200,99,0.6667,0.4615,0.16,-0.0001,0.1546,0.0351,1.0002,1.0002,2,12.151616,64330.517667,0.0
1787125500,100,0.6667,0.4615,0.16,-0.0001,0.1568,0.0318,1.0002,1.0002,2,12.4891,64334.009073,0.0
1787125800,100,0.6667,0.4615,0.16,-0.0001,0.16,0.0,1.0002,1.0002,2,12.5564,64291.844035,0.0
1787126100,100,0.6667,0.4615,0.16,-0.0001,0.16,0.0,1.0002,1.0002,2,12.5745,64266.304414,0.0
1787126400,99,0.6667,0.4615,0.16,-0.0001,0.16,0.0,1.0002,1.0002,2,12.541414,64287.260228,0.0
1787126700,100,0.6667,0.4615,0.16,-0.0001,0.16,0.0,1.0002,1.0002,2,12.3471,64265.31778,0.0
1787127000,100,0.6667,0.4615,0.16,-0.0001,0.16,0.0,1.0002,1.0002,2,12.2624,64226.728987,0.0
1787127300,99,0.6667,0.4615,0.16,-0.0001,0.16,0.0,1.0002,1.0002,2,12.510707,64263.405019,0.0
1787127600,100,0.6667,0.4615,0.16,-0.0001,0.16,0.0,1.0002,1.0002,2,12.5395,64244.58236,0.0
1787127900,100,0.6667,0.4615,0.16,-0.0001,0.16,0.0,1.0002,1.0002,2,12.599,64262.87631,0.0
1787128200,100,0.6667,0.4615,0.16,-0.0001,0.1589,0.0105,1.0002,1.0002,2,12.5597,64353.821983,0.0
1787128500,99,0.6667,0.4615,0.16,-0.0001,0.1525,0.0461,1.0002,1.0002,2,12.642222,64418.780696,0.0
1787128800,100,0.6667,0.4615,0.16,-0.0001,0.1568,0.0318,1.0002,1.0002,2,12.6106,64422.290778,0.0
1787129100,100,0.6667,0.4615,0.16,-0.0001,0.1568,0.0318,1.0002,1.0002,2,12.2344,64426.474218,0.0
1787129400,100,0.6667,0.4615,0.16,-0.0001,0.16,0.0,1.0002,1.0002,2,12.592,64416.922093,0.0
1787129700,99,0.6667,0.4615,0.16,-0.0001,0.16,0.0,1.0002,1.0002,2,12.300606,64385.200275,0.0
1787130000,100,0.6667,0.4615,0.16,-0.0001,0.16,0.0,1.0002,1.0002,2,12.6551,64446.907383,0.0
1787130300,100,0.6667,0.4615,0.16,-0.0001,0.1568,0.0318,1.0002,1.0002,2,12.2631,64371.680899,0.0
1787130600,100,0.6667,0.4615,0.16,-0.0001,0.16,0.0,1.0002,1.0002,2,12.6359,64359.688636,0.0
1787130900,99,0.6667,0.4615,0.16,-0.0001,0.16,0.0,1.0002,1.0002,2,12.570808,64389.586016,0.0
1787131200,100,0.6667,0.4615,0.16,-0.0001,0.16,0.0,1.0002,1.0002,2,12.2013,64366.483764,0.0
1787131500,100,0.6667,0.4615,0.16,-0.0001,0.16,0.0,1.0002,1.0002,2,12.4033,64359.668533,0.0
1787131800,100,0.6667,0.4615,0.16,-0.0001,0.16,0.0,1.0002,1.0002,2,12.6457,64368.788176,0.0
1787132100,99,0.6667,0.4615,0.16,-0.0001,0.1568,0.032,1.0002,1.0002,2,12.33,64357.939911,0.0
1787132400,100,0.6667,0.4615,0.16,-0.0001,0.16,0.0,1.0002,1.0002,2,12.389,64340.2788,0.0
1787132700,100,0.6667,0.4615,0.16,-0.0001,0.16,0.0,1.0002,1.0002,2,12.7534,64353.145074,0.0
1787133000,100,0.6667,0.4615,0.16,-0.0001,0.16,0.0,1.0002,1.0002,2,12.8311,64386.498335,0.0
1787133300,99,0.6667,0.4615,0.16,-0.0001,0.16,0.0,1.0002,1.0002,2,12.816162,64395.222153,0.0
1787133600,100,0.6667,0.4615,0.16,-0.0001,0.1579,0.0148,1.0002,1.0002,2,12.4902,64381.436656,0.0
1787133900,100,0.6667,0.4615,0.16,-0.0001,0.16,0.0,1.0002,1.0002,2,12.6046,64360.771536,0.0
1787134200,99,0.6667,0.4615,0.16,-0.0001,0.16,0.0,1.0002,1.0002,2,12.204242,64363.773817,0.0
1787134500,100,0.6667,0.4615,0.16,-0.0001,0.1579,0.0148,1.0002,1.0002,2,12.488,64360.519771,0.0
1787134800,100,0.6667,0.4615,0.16,-0.0001,0.16,0.0,1.0002,1.0002,2,12.2905,64345.129482,0.0
1787135100,100,0.6667,0.4615,0.16,-0.0001,0.16,0.0,1.0002,1.0002,2,12.7965,64372.184377,0.0
1787135400,99,0.6667,0.4615,0.16,-0.0001,0.16,0.0,1.0002,1.0002,2,12.765859,64371.001754,0.0
1787135700,100,0.6667,0.4615,0.16,-0.0001,0.16,0.0,1.0002,1.0002,2,12.5978,64385.050761,0.0
1787136000,100,0.6667,0.4615,0.16,-0.0001,0.1568,0.0318,1.0002,1.0002,2,12.2988,64370.926001,0.0
1787136300,100,0.6667,0.4615,0.16,-0.0001,0.1589,0.0105,1.0002,1.0002,2,12.483,64368.25421,0.0
1787136600,99,0.6667,0.4615,0.16,-0.0001,0.1568,0.032,1.0002,1.0002,2,12.438788,64379.907215,0.0
1787136900,100,0.6667,0.4615,0.16,-0.0001,0.1568,0.0318,1.0002,1.0002,2,12.7437,64424.081919,0.0
1787137200,100,0.6667,0.4615,0.16,-0.0001,0.16,0.0,1.0002,1.0002,2,12.6239,64468.088795,0.0
1787137500,100,-0.6667,-0.4615,-0.16,0.0001,0.1568,0.0318,0.9998,1.0002,2,12.4904,64475.838454,-0.32
1787137800,99,0.6667,0.4615,0.16,-0.0001,0.16,0.0,1.0002,1.0002,2,12.370101,64473.111833,0.0
1787138100,100,0.6667,0.4615,0.16,-0.0001,0.1536,0.0448,1.0002,1.0002,2,12.4039,64479.465453,0.0
1787138400,100,0.6667,0.4615,0.16,-0.0001,0.1608,0.0076,1.0002,1.0002,2,12.3137,64500.04741,-0.0764
1787138700,100,0.6667,0.4615,0.16,-0.0001,0.16,0.0,1.0002,1.0002,2,12.1626,64473.768803,0.0
1787139000,99,0.6667,0.4615,0.16,-0.0001,0.16,0.0,1.0002,1.0002,2,12.603737,64481.508671,0.0
1787139300,100,0.6667,0.4615,0.16,-0.0001,0.1568,0.0318,1.0002,1.0002,2,12.4551,64465.537894,0.0
1787139600,100,0.6667,0.4615,0.16,-0.0001,0.16,0.0,1.0002,1.0002,2,12.5603,64437.597096,0.0
1787139900,99,0.6667,0.4615,0.16,-0.0001,0.16,0.0,1.0002,1.0002,2,12.762222,64470.528945,0.0
1787140200,100,0.6667,0.4615,0.16,-0.0001,0.1608,0.0076,1.0002,1.0002,2,12.6458,64479.638319,0.0
1787140500,100,0.6667,0.4615,0.16,-0.0001,0.1568,0.0318,1.0002,1.0002,2,12.4594,64479.992953,0.0
1787140800,100,0.6667,0.4615,0.16,-0.0001,0.16,0.0,1.0002,1.0002,2,12.3048,64449.502515,0.0
1787141100,100,0.6667,0.4615,0.16,-0.0001,0.16,0.0,1.0002,1.0002,2,12.3436,64467.204581,0.0
1787141400,99,0.6667,0.4615,0.16,-0.0001,0.1568,0.032,1.0002,1.0002,2,12.902525,64478.283557,0.0
1787141700,100,0.6667,0.4615,0.16,-0.0001,0.1568,0.0318,1.0002,1.0002,2,12.3509,64463.943739,0.0
1787142000,100,0.6667,0.4615,0.16,-0.0001,0.1568,0.0318,1.0002,1.0002,2,12.825,64461.633002,0.0
1787142300,99,0.6667,0.4615,0.16,-0.0001,0.16,0.0,1.0002,1.0002,2,12.367071,64457.589639,0.0
1787142600,100,0.6667,0.4615,0.16,-0.0001,0.16,0.0,1.0002,1.0002,2,12.4862,64625.979939,0.0
1787142900,100,0.0,0.0,0.0,-0.4098,0.0393,0.2379,2.3889,1.4182,2,7.5583,64692.805885,-0.16
1787143200,100,0.6667,0.4615,0.16,-0.0001,0.0583,0.2411,1.0002,1.3232,2,9.2863,64921.959274,0.9678
1787143500,99,-0.6667,-0.4615,-0.16,0.0001,0.1385,0.0648,0.9998,1.0002,2,12.582424,64960.540229,-0.32
1787143800,100,0.6667,0.4615,0.16,-0.0001,0.1545,0.0324,1.0002,1.0002,2,12.5021,64812.393431,0.0
1787144100,100,0.6667,0.4615,0.16,-0.0001,0.16,0.0,1.0002,1.0002,2,12.8451,64857.679919,0.0
1787144400,100,0.6667,0.4615,0.16,-0.0001,0.1608,0.0076,1.0002,1.0002,2,12.6365,64772.762177,0.0
1787144700,89,0.6667,0.4615,0.16,-0.0001,0.1552,0.0354,1.0002,1.0002,2,12.834157,64838.152695,0.0
1787145000,100,0.6667,0.4615,0.16,-0.0001,0.1558,0.0207,1.0002,1.0002,2,12.5043,64890.556037,0.0
1787145300,100,0.6667,0.4615,0.16,-0.0001,0.1558,0.0207,1.0002,1.0002,2,12.9137,64934.948884,0.0
1787145600,99,0.6667,0.4615,0.16,-0.0001,0.1536,0.0252,1.0002,1.0002,2,12.718182,64963.471648,0.0
1787145900,100,0.6667,0.4615,0.0545,-0.0001,0.1573,0.0236,1.0002,1.0002,2,12.6873,64981.743493,-0.1819
1787146200,100,0.6667,0.4615,0.16,-0.0001,0.1449,0.0468,1.0002,1.0002,2,12.865,65030.949454,0.0
1787146500,100,0.6667,0.4615,0.16,-0.0001,0.1507,0.0447,1.0002,1.0002,2,12.597,64800.239164,0.1055
1787146800,99,0.6667,0.4615,0.16,-0.0001,0.159,0.0422,1.0002,1.0002,2,12.516061,65021.831893,0.0
1787147100,100,0.6667,0.4615,0.16,-0.0001,0.1484,0.033,1.0002,1.0002,2,12.9201,65034.857289,0.0
1787147400,100,0.6667,0.4615,0.16,-0.0001,0.1568,0.0318,1.0002,1.0002,2,12.9403,64979.969145,0.0
1787147700,100,0.6667,0.4615,0.16,-0.0001,0.1565,0.0344,1.0002,1.0002,2,12.6744,64984.380215,-0.0764
1787148000,99,0.6667,0.4615,0.16,-0.0001,0.1583,0.0339,1.0002,1.0002,2,12.581818,65120.275673,0.0
1787148300,100,0.6667,0.4615,0.16,-0.0001,0.1594,0.0184,1.0002,1.0002,2,12.8882,65357.745387,0.0
1787148600,100,0.6667,0.4615,0.16,-0.0001,0.1547,0.023,1.0002,1.0002,2,12.7237,65374.156587,0.0
1787148900,100,0.6667,0.4615,0.16,-0.0001,0.1615,0.0107,1.0002,1.0002,2,12.636,65417.766569,0.0
1787149200,99,0.6667,0.4615,0.16,-0.0001,0.162,0.0186,1.0002,1.0002,2,12.377475,65399.953088,0.0
1787149500,100,0.0,0.0,0.0137,0.0056,0.1057,0.1383,0.9888,0.9845,2,9.6755,65381.594944,0.1737
1787149800,100,0.6667,0.4615,0.16,-0.0001,0.1336,0.0984,1.0002,0.9984,2,9.7568,65333.299438,-0.04
1787150100,99,0.6667,0.4615,0.16,-0.0001,0.1478,0.0636,1.0002,1.0002,2,12.500101,65458.611643,0.0
1787150400,100,0.6667,0.4615,0.16,-0.0001,0.1589,0.0105,1.0002,1.0002,2,12.5533,65433.726919,0.0
1787150700,100,0.6667,0.4615,0.16,-0.0001,0.1533,0.0466,1.0002,1.0002,2,12.8072,65505.326658,0.0
1787151000,100,0.6667,0.4615,0.16,-0.0001,0.1512,0.0552,1.0002,1.0002,2,12.6739,65741.468648,0.0
1787151300,99,0.6667,0.4615,0.16,-0.0001,0.1501,0.0544,1.0002,1.0002,2,12.752929,65896.817513,-0.0
1787151600,100,0.6667,0.4615,0.16,-0.0001,0.1567,0.0476,1.0002,1.0002,2,12.5542,66033.388583,0.0
1787151900,100,0.6667,0.4615,0.16,-0.0001,0.148,0.0641,1.0002,1.0002,2,12.6613,66476.042445,0.0
1787152200,100,0.6667,0.4615,0.16,-0.0001,0.1609,0.0377,1.0002,1.0002,2,12.8152,66622.67138,0.0
1787152500,99,0.6667,0.4615,0.16,-0.0001,0.1525,0.0378,1.0002,1.0002,2,12.740606,66647.234871,0.0
1787152800,100,0.6667,0.4615,0.16,-0.0001,0.1422,0.0701,1.0002,1.0002,2,12.8311,67167.051762,0.0
1787153100,100,0.6667,0.0667,0.0462,-0.0001,0.172,0.176,1.0002,1.0002,2,13.0036,68263.510766,-0.1138
1787153400,99,0.6667,0.5484,0.2364,-0.0001,0.148,0.1788,1.0002,1.0002,2,12.488485,68468.610076,0.0764
1787153700,100,0.6667,0.4615,0.0545,-0.0001,0.1573,0.1197,1.0002,1.0002,2,12.3411,68660.205049,0.0878
1787154000,100,0.6667,0.4615,0.16,-0.0001,0.1478,0.0671,1.0002,1.0002,2,12.5959,68667.854447,0.0267
1787154300,100,0.6667,0.4615,0.16,-0.0001,0.1695,0.0495,1.0002,1.0002,2,12.3603,68454.115382,0.0
1787154600,99,0.6667,0.4615,0.0545,-0.0001,0.1625,0.0748,1.0002,1.0002,2,12.525657,68248.161416,-0.3455
1787154900,100,0.6667,0.4615,0.16,-0.0001,0.1568,0.0708,1.0002,1.0002,2,12.3874,68531.372301,-0.0
1787155200,100,0.6667,0.4615,0.16,-0.0001,0.1655,0.0583,1.0002,1.0002,2,12.3855,68711.1967,0.1055
1787155500,99,0.6667,0.4615,0.16,-0.0001,0.1483,0.0628,1.0002,1.0002,2,12.44202,68734.558671,-0.0
1787155800,100,0.6667,0.4615,0.16,-0.0001,0.1544,0.0372,1.0002,1.0002,2,12.5956,68535.788011,0.0
1787156100,100,0.6667,0.4615,0.16,-0.0001,0.1573,0.0523,1.0002,1.0002,2,12.5406,68689.562341,0.0
1787156400,100,0.6667,0.4615,0.16,-0.0001,0.1593,0.098,1.0002,1.0002,2,12.8781,68761.2363,0.0
1787156700,99,0.6667,0.4615,0.16,-0.0001,0.1487,0.0564,1.0002,1.0002,2,12.616768,68876.27063,0.0
1787157000,100,0.6667,0.4615,0.16,-0.0001,0.1468,0.0726,1.0002,1.0002,2,12.78,68742.964988,0.0
1787157300,100,0.6667,0.4615,0.16,-0.0001,0.1512,0.0486,1.0002,1.0002,2,12.6233,68665.454152,0.0
1787157600,99,0.6667,0.4615,0.16,-0.0001,0.1629,0.0387,1.0002,1.0002,2,12.474949,68556.573207,0.0
1787157900,100,0.6667,0.4615,0.16,-0.0001,0.1579,0.0506,1.0002,1.0002,2,12.2764,68652.978701,0.0
1787158200,100,0.6667,0.4615,0.16,-0.0001,0.1462,0.0577,1.0002,1.0002,2,12.6458,68550.929997,0.0
1787158500,100,0.6667,0.4615,0.16,-0.0001,0.1608,0.0076,1.0002,1.0002,2,12.5724,68440.558006,0.0
1787158800,99,0.6667,0.4615,0.16,-0.0001,0.1634,0.0321,1.0002,1.0002,2,12.632929,68364.006368,0.0
1787159100,100,0.6667,0.4615,0.16,-0.0001,0.1605,0.0346,1.0002,1.0002,2,12.517,68285.356462,0.0
1787159400,100,0.6667,0.4615,0.16,-0.0001,0.1553,0.0504,1.0002,1.0002,2,12.3934,68215.271069,0.0
1787159700,100,0.6667,0.4615,0.16,-0.0001,0.1611,0.0393,1.0002,1.0002,2,12.1079,68013.178362,0.0
1787160000,99,0.6667,0.4615,0.16,-0.0001,0.1593,0.0402,1.0002,1.0002,2,12.058283,67935.76091,0.0
1787160300,100,0.6667,0.4615,0.16,-0.0001,0.1453,0.0671,1.0002,1.0002,2,12.459,67981.521364,0.0
1787160600,100,0.6667,0.4615,0.16,-0.0001,0.1456,0.0604,1.0002,1.0002,2,12.6018,67938.653521,0.0
1787160900,99,0.6667,0.4615,0.16,-0.0001,0.1461,0.0356,1.0002,1.0002,2,12.491717,68014.899775,0.0
1787161200,100,0.6667,0.4615,0.16,-0.0001,0.1451,0.0584,1.0002,1.0002,2,12.7097,68027.915403,0.32
1787161500,100,0.6667,0.4615,0.16,-0.0001,0.1496,0.0483,1.0002,1.0002,2,12.9992,68157.737415,-0.0764
1787161800,100,0.6667,0.4615,0.16,-0.0001,0.1357,0.0579,1.0002,1.0002,2,12.9124,68161.4367,0.0
1787162100,99,0.6667,0.4615,0.16,-0.0001,0.1583,0.0213,1.0002,1.0002,2,12.554545,68167.613436,0.0
1787162400,4,0.6667,0.4615,0.16,-0.0001,0.1791,0.0331,1.0002,1.0002,2,13.135,68139.623441,0.0
1787162700,99,0.6667,0.4615,0.16,-0.0001,0.1614,0.0372,1.0002,1.0002,2,12.430404,68054.034988,0.0
1787163000,100,0.6667,0.4615,0.16,-0.0001,0.1606,0.0363,1.0002,1.0002,2,12.3503,68160.552126,0.0
1787163300,100,0.6667,0.4615,0.16,-0.0001,0.1479,0.0623,1.0002,1.0002,2,12.8829,68266.579252,0.0
1787163600,99,0.6667,0.4615,0.16,-0.0001,0.1509,0.0431,1.0002,1.0002,2,12.60101,68243.850219,0.0
1787163900,100,0.6667,0.4615,0.0545,-0.0001,0.1504,0.0479,1.0002,1.0002,2,12.8464,68250.491927,-0.1055
1787164200,99,0.6667,0.4615,0.16,-0.0001,0.1579,0.0435,1.0002,1.0002,2,12.800808,68259.404518,0.0
1787164500,100,0.6667,0.4615,0.16,-0.0001,0.153,0.0484,1.0002,1.0002,2,12.4199,68261.833049,0.0
1787164800,99,0.6667,0.4615,0.16,-0.0001,0.157,0.0378,1.0002,1.0002,2,12.479192,68405.781142,0.0
1787165100,100,0.6667,0.4615,0.16,-0.0001,0.1523,0.0476,1.0002,1.0002,2,13.1076,68410.066846,0.0
1787165400,100,0.6667,0.4615,0.16,-0.0001,0.1501,0.0561,1.0002,1.0002,2,12.6071,68375.042379,0.0
1787165700,99,0.6667,0.4615,0.16,-0.0001,0.1571,0.0503,1.0002,1.0002,2,12.571616,68368.58379,0.0
1787166000,100,0.6667,0.4615,0.16,-0.0001,0.1621,0.0378,1.0002,1.0002,2,12.0881,68337.409203,0.0
1787166300,100,0.6667,0.4615,0.16,-0.0001,0.1614,0.037,1.0002,1.0002,2,12.0871,68349.264863,0.0
1787166600,99,0.8462,0.5484,0.2364,-0.0001,0.1628,0.0678,1.0002,1.0002,2,12.282222,68090.414989,0.0764
1787166900,100,0.6667,0.4615,0.16,-0.0001,0.1593,0.0506,1.0002,1.0002,2,12.3657,68299.568277,0.0
1787167200,100,-0.6667,-0.4615,-0.16,0.0001,0.1658,0.0626,0.9998,1.0002,2,12.4496,68335.058316,-0.32
1787167500,99,0.8462,0.6111,0.4,-0.0001,0.155,0.0676,1.0002,1.0002,2,12.66101,68151.891582,0.24
1787167800,98,0.6667,0.4615,0.16,-0.0001,0.1557,0.0594,1.0002,1.0002,2,12.24898,68203.128617,0.0
1787168100,99,0.6667,0.4615,0.16,-0.0001,0.1791,0.0718,1.0002,1.0002,2,12.534949,68232.570614,0.0
1787168400,98,0.6667,0.4615,0.16,-0.0001,0.1714,0.0306,1.0002,1.0002,2,12.122551,68372.145591,0.0
1787168700,99,0.6667,0.4615,0.16,-0.0001,0.1646,0.0182,1.0002,1.0002,2,12.371818,68352.579788,0.0
1787169000,100,0.6667,0.4615,0.16,-0.0001,0.1615,0.0107,1.0002,1.0002,2,12.2622,68382.073083,0.0
1787169300,99,0.6667,0.4615,0.16,-0.0001,0.1605,0.0152,1.0002,1.0002,2,12.295051,68391.292287,0.0
1787169600,100,0.6667,0.4615,0.16,-0.0001,0.1623,0.013,1.0002,1.0002,2,11.8511,68483.906104,0.0
1787169900,99,0.6667,0.4615,0.16,-0.0001,0.1531,0.0526,1.0002,1.0002,2,12.234444,68594.119595,0.0
1787170200,99,0.6667,0.4615,0.16,-0.0001,0.1633,0.025,1.0002,1.0002,2,12.65404,68647.020613,0.0
1787170500,100,0.6667,0.4615,0.16,-0.0001,0.1562,0.0367,1.0002,1.0002,2,12.4865,68588.842938,0.0
1787170800,99,0.6667,0.4615,0.16,-0.0001,0.1623,0.043,1.0002,1.0002,2,12.421515,68757.463761,0.0
1787171100,99,0.6667,0.4615,0.16,-0.0001,0.1596,0.038,1.0002,1.0002,2,12.43697,68672.428045,0.0
1787171400,99,0.6667,0.4615,0.16,-0.0001,0.1631,0.015,1.0002,1.0002,2,12.303737,68732.222645,0.0
1787171700,100,0.6667,0.4615,0.16,-0.0001,0.1551,0.0364,1.0002,1.0002,2,12.7007,68687.271834,0.0
1787172000,99,0.6667,0.4615,0.16,-0.0001,0.1659,0.0247,1.0002,1.0002,2,12.178384,68639.820664,0.0
1787172300,98,0.6667,0.4615,0.16,-0.0001,0.1471,0.0346,1.0002,1.0002,2,13.059082,68673.070702,0.0
1787172600,99,0.6667,0.4615,0.16,-0.0001,0.1569,0.0671,1.0002,1.0002,2,12.753838,69077.985465,-0.0
1787172900,99,0.6667,0.4615,0.16,-0.0001,0.1716,0.0395,1.0002,1.0002,2,12.335152,69017.866225,0.0
1787173200,99,0.6667,0.4615,0.16,-0.0001,0.1601,0.0564,1.0002,1.0002,2,12.271414,69341.571042,0.0
1787173500,99,0.6667,0.5484,0.1333,-0.0001,0.1497,0.0376,1.0002,1.0002,2,12.782424,69710.19118,-0.0267
1787173800,100,0.6667,0.4615,0.0545,-0.0001,0.1513,0.0606,1.0002,1.0002,2,12.6711,69401.317643,-0.1055
1787174100,99,0.6667,0.5484,0.2364,-0.0001,0.1751,0.0678,1.0002,1.0002,2,11.740808,69419.670917,0.0764
1787174400,100,0.6667,0.4615,0.16,-0.0001,0.1705,0.0506,1.0002,1.0002,2,12.208,69496.453091,-0.0764
1787174700,99,0.6667,0.4615,0.16,-0.0001,0.1638,0.0428,1.0002,1.0002,2,12.198384,69606.253451,0.0
1787175000,100,0.6667,0.4615,0.16,-0.0001,0.1816,0.0912,1.0002,1.0002,2,11.917,69746.571484,-0.0764
1787175300,99,0.6667,0.4615,0.16,-0.0001,0.1656,0.0428,1.0002,1.0002,2,12.065657,69428.405837,-0.0764
1787175600,100,0.6667,0.5484,0.2364,-0.0001,0.1674,0.0576,1.0002,1.0002,2,12.2273,69642.389073,0.3964
1787175900,100,0.6667,0.4615,0.0545,-0.0001,0.1682,0.0626,1.0002,1.0002,2,12.387,69813.903204,-0.1819
1787176200,100,0.6667,0.5484,0.2364,-0.0001,0.1643,0.0451,1.0002,1.0002,2,12.4777,69721.36571,0.1819
1787176500,99,0.6667,0.4615,0.16,-0.0001,0.1636,0.0649,1.0002,1.0002,2,12.482929,69687.044895,0.0
1787176800,100,0.6667,0.4615,0.16,-0.0001,0.1716,0.1069,1.0002,1.0002,2,12.6267,69481.934718,0.1055
1787177100,100,0.8462,0.5484,0.2364,-0.0001,0.178,0.0625,1.0002,1.0002,2,12.3333,69390.888199,0.0764
1787177400,99,0.6667,0.5484,0.2364,-0.0001,0.1876,0.0909,1.0002,1.0002,2,12.403636,69276.866417,0.0
1787177700,100,0.6667,0.4615,0.16,-0.0001,0.1764,0.0399,1.0002,1.0002,2,12.0638,69246.807675,0.1055
1787178000,100,0.6667,0.4615,0.16,-0.0001,0.1887,0.0504,1.0002,1.0002,2,12.3017,69231.645038,-0.0764
1787178300,99,0.6667,0.4615,0.16,-0.0001,0.1673,0.0445,1.0002,1.0002,2,12.613535,69125.76344,0.0
1787178600,100,0.6667,0.5484,0.2364,-0.0001,0.174,0.0406,1.0002,1.0002,2,12.8139,69022.766441,0.0764
1787178900,100,0.6667,0.4615,0.16,-0.0001,0.1674,0.062,1.0002,1.0002,2,12.0086,69357.147382,-0.0764
1787179200,99,0.6667,0.4615,0.16,-0.0001,0.1696,0.0377,1.0002,1.0002,2,12.397172,69316.771279,0.0
1787179500,100,0.6667,0.4615,0.16,-0.0001,0.1626,0.0407,1.0002,1.0002,2,11.9362,69148.127234,0.0
1787179800,100,0.6667,0.4615,0.16,-0.0001,0.159,0.042,1.0002,1.0002,2,12.6597,69121.878112,0.0
1787180100,99,0.6667,0.4615,0.16,-0.0001,0.1702,0.0326,1.0002,1.0002,2,12.600808,69229.030985,0.0
1787180400,100,0.6667,0.4615,0.16,-0.0001,0.1739,0.054,1.0002,1.0002,2,12.1264,69322.040411,0.0
1787180700,100,0.6667,0.4615,0.16,-0.0001,0.1634,0.0292,1.0002,1.0002,2,12.2614,69308.705259,0.1055
1787181000,99,0.6667,0.4615,0.16,-0.0001,0.1659,0.0247,1.0002,1.0002,2,12.412424,69320.995661,-0.0764
1787181300,100,0.6667,0.4615,0.16,-0.0001,0.1593,0.0301,1.0002,1.0002,2,12.2007,69372.766531,0.1055
1787181600,100,0.6667,0.4615,0.16,-0.0001,0.1557,0.0315,1.0002,1.0002,2,12.4763,69276.167552,0.0
1787181900,99,0.6667,0.4615,0.16,-0.0001,0.1639,0.0387,1.0002,1.0002,2,12.847071,69349.957315,0.0
1787182200,100,0.6667,0.4615,0.16,-0.0001,0.1517,0.0349,1.0002,1.0002,2,12.7085,69232.034396,0.0
1787182500,100,0.6667,0.4615,0.16,-0.0001,0.1499,0.0352,1.0002,1.0002,2,12.9656,69266.839019,0.0
1787182800,99,0.6667,0.4615,0.16,-0.0001,0.15,0.0375,1.0002,1.0002,2,12.740808,69293.214717,0.0
1787183100,100,0.6667,0.4615,0.0545,-0.0001,0.1483,0.0407,1.0002,1.0002,2,13.1588,69152.910999,-0.1055
1787183400,100,0.6667,0.4615,0.16,-0.0001,0.1568,0.027,1.0002,1.0002,2,12.8365,69180.661367,0.1055
1787183700,99,0.6667,0.4615,0.16,-0.0001,0.1672,0.0268,1.0002,1.0002,2,12.525051,69306.314575,0.0267
1787184000,100,0.6667,0.4615,0.16,-0.0001,0.1634,0.0319,1.0002,1.0002,2,12.4333,69516.551442,0.0
1787184300,100,0.6667,0.4615,0.16,-0.0001,0.1513,0.0314,1.0002,1.0002,2,12.7966,69614.297485,0.0
1787184600,99,0.6667,0.4615,0.16,-0.0001,0.1507,0.0454,1.0002,1.0002,2,12.675152,69540.238326,0.3964
1787184900,100,0.6667,0.4615,0.16,-0.0001,0.1543,0.0355,1.0002,1.0002,2,12.7653,69731.260604,0.0
1787185200,100,0.6667,0.4615,0.16,-0.0001,0.1535,0.0405,1.0002,1.0002,2,12.6436,69654.200137,0.1055
1787185500,99,0.6667,0.4615,0.16,-0.0001,0.1568,0.0181,1.0002,1.0002,2,12.632323,69600.691107,0.0
1787185800,100,0.6667,0.4615,0.16,-0.0001,0.1576,0.0197,1.0002,1.0002,2,12.4848,69598.814596,0.0
1787186100,100,0.6667,0.4615,0.16,-0.0001,0.1551,0.0394,1.0002,1.0002,2,12.8071,69664.495711,0.0
1787186400,99,0.6667,0.4615,0.16,-0.0001,0.157,0.0219,1.0002,1.0002,2,12.483232,69540.683192,0.0
1787186700,100,0.6667,0.4615,0.16,-0.0001,0.1609,0.0213,1.0002,1.0002,2,12.4833,69632.691019,0.0
1787187000,100,0.6667,0.4615,0.16,-0.0001,0.1585,0.0245,1.0002,1.0002,2,12.4846,69488.508706,-0.0
1787187300,99,0.6667,0.4615,0.16,-0.0001,0.1596,0.0223,1.0002,1.0002,2,12.553939,69393.538532,0.0
1787187600,100,0.6667,0.4615,0.16,-0.0001,0.1579,0.0148,1.0002,1.0002,2,12.6031,69389.304625,0.0
1787187900,100,0.6667,0.4615,0.16,-0.0001,0.1597,0.013,1.0002,1.0002,2,12.6782,69296.452653,0.0
1787188200,99,0.6667,0.4615,0.16,-0.0001,0.1575,0.033,1.0002,1.0002,2,12.627475,69342.254924,0.0
1787188500,100,0.6667,0.4615,0.16,-0.0001,0.1517,0.0408,1.0002,1.0002,2,12.8109,69393.327363,0.0
1787188800,100,0.6667,0.4615,0.16,-0.0001,0.1567,0.0398,1.0002,1.0002,2,12.1912,69304.63747,0.0
1787189100,99,0.0,0.4286,0.2667,0.0056,0.1092,0.106,0.9889,1.0048,2,9.687879,69305.264469,0.1067
1787189400,100,0.6667,0.4615,0.16,-0.0001,0.1038,0.1116,1.0002,0.9975,2,9.2921,69558.684874,0.16
1787189700,100,0.6667,0.4615,0.16,-0.0001,0.1609,0.0213,1.0002,1.0002,2,12.5544,69544.845766,0.0
1787190000,99,0.6667,0.4615,0.16,-0.0001,0.1615,0.0107,1.0002,1.0002,2,12.519192,69608.922871,0.0
1787190300,100,0.6667,0.4615,0.16,-0.0001,0.1688,0.042,1.0002,1.0002,2,12.1114,69789.952816,0.0
1787190600,100,0.6667,0.4615,0.16,-0.0001,0.1555,0.0244,1.0002,1.0002,2,12.6498,69683.596378,0.0
1787190900,99,0.6667,0.4615,0.16,-0.0001,0.1594,0.0185,1.0002,1.0002,2,12.480707,69691.292171,0.0
1787191200,100,0.6667,0.5484,0.2364,-0.0001,0.1655,0.0279,1.0002,1.0002,2,12.6019,69759.199764,0.0764
1787191500,100,0.6667,0.5484,0.2364,-0.0001,0.1591,0.0346,1.0002,1.0002,2,12.49,69639.831403,0.0764
1787191800,99,0.6667,0.4615,0.16,-0.0001,0.1583,0.0339,1.0002,1.0002,2,12.647475,69661.447712,0.0
1787192100,100,0.6667,0.4615,0.16,-0.0001,0.1608,0.0076,1.0002,1.0002,2,13.029,69598.050684,0.0
1787192400,99,0.6667,0.4615,0.16,-0.0001,0.1554,0.0245,1.0002,1.0002,2,12.803535,69485.038509,0.0
1787192700,100,0.6667,0.4615,0.16,-0.0001,0.1587,0.0167,1.0002,1.0002,2,12.7281,69489.864616,0.0
1787193000,100,0.6667,0.4615,0.16,-0.0001,0.1552,0.0381,1.0002,1.0002,2,12.7562,69458.286265,0.0
1787193300,99,0.6667,0.4615,0.16,-0.0001,0.1623,0.0131,1.0002,1.0002,2,12.455758,69361.320921,0.0
1787193600,100,0.6667,0.4615,0.16,-0.0001,0.1576,0.0328,1.0002,1.0002,2,12.7041,69300.224912,0.0
1787193900,100,0.6667,0.4615,0.16,-0.0001,0.1534,0.0282,1.0002,1.0002,2,12.6556,69307.321316,0.0
1787194200,99,0.6667,0.4615,0.0545,-0.0001,0.1371,0.0491,1.0002,1.0002,2,12.909697,69311.272848,-0.1055
1787194500,100,0.6667,0.4615,0.16,-0.0001,0.1486,0.0353,1.0002,1.0002,2,12.9214,69300.176599,0.0
1787194800,100,0.6667,0.4615,0.16,-0.0001,0.1361,0.0479,1.0002,1.0002,2,13.0459,69145.426357,-0.0
1787195100,99,0.6667,0.4615,0.16,-0.0001,0.149,0.0343,1.0002,1.0002,2,12.924949,69041.506524,0.0
1787195400,100,0.6667,0.4615,0.16,-0.0001,0.1531,0.0406,1.0002,1.0002,2,12.5725,68980.087765,0.0
1787195700,100,0.6667,0.4615,0.0545,-0.0001,0.1359,0.0462,1.0002,1.0002,2,12.8802,69118.005825,-0.1055
1787196000,99,0.6667,0.4615,0.16,-0.0001,0.1399,0.0434,1.0002,1.0002,2,12.995455,69019.353497,0.0
1787196300,100,0.6667,0.4615,0.16,-0.0001,0.1594,0.0184,1.0002,1.0002,2,12.877,68962.007612,-0.0764
1787196600,100,0.6667,0.4615,0.0545,-0.0001,0.1473,0.0505,1.0002,1.0002,2,12.7609,69074.374512,-0.1055
1787196900,100,0.6667,0.4615,0.16,-0.0001,0.1399,0.049,1.0002,1.0002,2,12.7659,69066.909076,0.0
1787197200,99,0.6667,0.4615,0.16,-0.0001,0.1515,0.0288,1.0002,1.0002,2,12.811515,69182.430401,0.0
1787197500,100,0.6667,0.4615,0.16,-0.0001,0.138,0.0448,1.0002,1.0002,2,12.7894,69249.67713,0.0
1787197800,100,0.6667,0.4615,0.16,-0.0001,0.1523,0.0298,1.0002,1.0002,2,12.7044,69192.211859,0.0
1787198100,99,0.6667,0.4615,0.16,-0.0001,0.1603,0.0387,1.0002,1.0002,2,12.842626,69185.097823,0.0
1787198400,100,0.6667,0.4615,0.16,-0.0001,0.1537,0.0251,1.0002,1.0002,2,12.5445,69282.511375,0.0
1787198700,100,0.6667,0.4615,0.16,-0.0001,0.1495,0.0316,1.0002,1.0002,2,12.6721,69345.455777,0.0
1787199000,99,0.6667,0.4615,0.16,-0.0001,0.1509,0.0431,1.0002,1.0002,2,12.54404,69364.685792,0.0
1787199300,100,0.6667,0.4615,0.16,-0.0001,0.1587,0.0167,1.0002,1.0002,2,12.7252,69342.915657,0.0
1787199600,99,0.6667,0.4615,0.16,-0.0001,0.1589,0.0105,1.0002,1.0002,2,12.722525,69326.540962,0.0
1787199900,100,0.6667,0.4615,0.16,-0.0001,0.1568,0.0318,1.0002,1.0002,2,12.4178,69353.520262,0.0
1787200200,100,0.6667,0.4615,0.16,-0.0001,0.1605,0.0151,1.0002,1.0002,2,12.2451,69233.576744,0.0
1787200500,99,0.6667,0.4615,0.16,-0.0001,0.1579,0.0148,1.0002,1.0002,2,13.027576,69271.839213,0.0
1787200800,100,0.6667,0.4615,0.16,-0.0001,0.1537,0.0251,1.0002,1.0002,2,12.5147,69329.875133,0.0
1787201100,100,0.6667,0.4615,0.16,-0.0001,0.1568,0.018,1.0002,1.0002,2,12.8255,69369.361146,0.0
1787201400,99,0.6667,0.4615,0.16,-0.0001,0.1515,0.0288,1.0002,1.0002,2,12.609091,69501.649273,0.0
1787201700,100,0.6667,0.4615,0.0545,-0.0001,0.1515,0.0388,1.0002,1.0002,2,12.5563,69486.429732,-0.1055
1787202000,100,0.6667,0.4615,0.16,-0.0001,0.1597,0.013,1.0002,1.0002,2,12.5811,69489.449098,0.0
1787202300,100,0.6667,0.4615,0.16,-0.0001,0.1568,0.018,1.0002,1.0002,2,12.4029,69499.427812,0.0
1787202600,99,0.6667,0.4615,0.16,-0.0001,0.1575,0.033,1.0002,1.0002,2,12.229697,69454.164436,0.0
1787202900,100,0.6667,0.4615,0.16,-0.0001,0.1579,0.0148,1.0002,1.0002,2,12.4674,69560.178952,0.0
1787203200,99,0.6667,0.4615,0.16,-0.0001,0.16,0.0,1.0002,1.0002,2,12.467778,69642.990495,0.0
1787203500,100,0.6667,0.4615,0.16,-0.0001,0.1589,0.0105,1.0002,1.0002,2,12.5143,69573.085022,0.0
1787203800,100,0.6667,0.4615,0.16,-0.0001,0.1515,0.0388,1.0002,1.0002,2,12.7763,69582.662622,0.0
1787204100,99,0.6667,0.4615,0.16,-0.0001,0.1503,0.0481,1.0002,1.0002,2,12.848283,69528.232634,0.0
1787204400,100,0.6667,0.4615,0.16,-0.0001,0.1547,0.0349,1.0002,1.0002,2,12.8318,69545.653131,0.0
1787204700,100,0.6667,0.4615,0.16,-0.0001,0.1624,0.0284,1.0002,1.0002,2,12.203,69391.309837,0.0
1787205000,100,0.6667,0.4615,0.16,-0.0001,0.1631,0.015,1.0002,1.0002,2,12.4529,69377.209972,0.0
1787205300,99,0.6667,0.4615,0.16,-0.0001,0.16,0.0,1.0002,1.0002,2,12.077475,69384.632573,0.0
1787205600,100,0.6667,0.4615,0.16,-0.0001,0.1615,0.0107,1.0002,1.0002,2,12.7007,69389.748021,0.0
1787205900,100,0.6667,0.4615,0.16,-0.0001,0.16,0.0,1.0002,1.0002,2,13.08,69389.748021,0.0
1787206200,99,0.6667,0.4615,0.16,-0.0001,0.16,0.0,1.0002,1.0002,2,13.08,69389.748021,0.0
1787206500,100,0.6667,0.4615,0.16,-0.0001,0.16,0.0,1.0002,1.0002,2,13.08,69389.748021,0.0
1787206800,100,0.6667,0.4615,0.16,-0.0001,0.16,0.0,1.0002,1.0002,2,13.08,69389.748021,0.0
1787207100,99,0.6667,0.4615,0.16,-0.0001,0.16,0.0,1.0002,1.0002,2,13.08,69389.748021,0.0
1787207400,100,0.6667,0.4615,0.16,-0.0001,0.16,0.0,1.0002,1.0002,2,13.196,69627.15678,0.0
1787207700,100,0.6667,0.4615,0.16,-0.0001,0.0677,0.3131,1.0002,0.9996,2,16.1965,69709.060309,0.0
1787208000,99,0.6667,0.4615,0.16,-0.0001,0.1478,0.1168,1.0002,1.0001,2,12.43404,69755.300457,0.0
1787208300,100,0.6667,0.4615,0.16,-0.0001,0.1561,0.1179,1.0002,1.0001,2,12.0893,69864.161869,0.0
1787208600,100,0.6667,0.4615,0.16,-0.0001,0.1612,0.009,1.0002,1.0002,2,12.3772,69835.756499,0.0
1787208900,99,0.6667,0.4615,0.16,-0.0001,0.1615,0.0107,1.0002,1.0002,2,12.509596,69836.567462,0.0
1787209200,100,0.6667,0.4615,0.16,-0.0001,0.1615,0.0107,1.0002,1.0002,2,12.7413,69838.908051,0.0
1787209500,100,0.6667,0.4615,0.16,-0.0001,0.1623,0.013,1.0002,1.0002,2,12.3851,69937.074459,0.0
1787209800,99,0.6667,0.4615,0.16,-0.0001,0.1657,0.0345,1.0002,1.0002,2,12.256364,69778.28329,0.0
1787210100,100,0.6667,0.4615,0.16,-0.0001,0.1602,0.0199,1.0002,1.0002,2,12.4851,69610.923437,0.0
1787210400,100,0.6667,0.4615,0.16,-0.0001,0.157,0.0218,1.0002,1.0002,2,12.5398,69609.550859,0.0
1787210700,99,0.6667,0.4615,0.16,-0.0001,0.1589,0.0105,1.0002,1.0002,2,12.770909,69656.799194,0.0
1787211000,100,0.6667,0.4615,0.16,-0.0001,0.1513,0.0314,1.0002,1.0002,2,12.6338,69585.32635,0.0
1787211300,100,0.6667,0.4615,0.16,-0.0001,0.1517,0.0437,1.0002,1.0002,2,12.5252,69540.31613,0.0
1787211600,99,0.6667,0.4615,0.16,-0.0001,0.1588,0.0262,1.0002,1.0002,2,12.547778,69598.027147,0.0
1787211900,100,0.6667,0.4615,0.16,-0.0001,0.1579,0.0148,1.0002,1.0002,2,12.5434,69670.852293,0.0
1787212200,100,0.6667,0.4615,0.16,-0.0001,0.1584,0.0212,1.0002,1.0002,2,12.7724,69799.139584,0.0
1787212500,99,0.6667,0.4615,0.16,-0.0001,0.1594,0.0185,1.0002,1.0002,2,12.264747,69818.139824,0.0
1787212800,100,0.6667,0.4615,0.16,-0.0001,0.1579,0.0148,1.0002,1.0002,2,12.3601,69842.905057,0.0
1787213100,100,0.6667,0.4615,0.16,-0.0001,0.1423,0.0681,1.0002,1.0002,2,12.474,70707.417727,-0.0
1787213400,99,0.6667,0.4615,0.0545,-0.0001,0.1395,0.0674,1.0002,1.0002,2,12.506465,71301.689152,-0.1819
1787213700,100,0.6667,0.4615,0.16,-0.0001,0.1368,0.0621,1.0002,1.0002,2,12.8328,71311.790199,-0.0764
1787214000,100,0.6667,0.4615,0.16,-0.0001,0.1636,0.0426,1.0002,1.0002,2,12.6309,71155.68784,0.0
1787214300,99,0.6667,0.4615,0.16,-0.0001,0.149,0.0365,1.0002,1.0002,2,12.944747,71327.802945,0.0
1787214600,100,0.6667,0.4615,0.16,-0.0001,0.143,0.05,1.0002,1.0002,2,12.4419,71255.872889,0.0
1787214900,100,0.6667,0.4615,0.16,-0.0001,0.1599,0.0471,1.0002,1.0002,2,12.3934,71418.632605,-0.0764
1787215200,47,0.6667,0.4615,0.16,-0.0001,0.1494,0.0526,1.0002,1.0002,2,12.425957,71477.358493,0.1055
1787215500,99,0.6667,0.4615,0.16,-0.0001,0.1527,0.0533,1.0002,1.0002,2,12.57899,71601.207455,0.0
1787215800,19,0.6667,0.4615,0.16,-0.0001,0.1529,0.0378,1.0002,1.0002,2,12.798421,71773.092562,0.0
1787216100,99,0.6667,0.4615,0.16,-0.0001,0.1579,0.0346,1.0002,1.0002,2,12.534545,71558.666559,0.0
1787216400,100,0.6667,0.4615,0.0545,-0.0001,0.1559,0.0373,1.0002,1.0002,2,12.507,71606.04061,-0.1055
1787216700,100,0.6667,0.4615,0.16,-0.0001,0.1605,0.0964,1.0002,1.0002,2,12.6167,71850.78684,-0.0
1787217000,67,0.6667,0.4615,0.16,-0.0001,0.1492,0.048,1.0002,1.0002,2,12.808209,71909.568662,0.0
1787217300,100,0.6667,0.4615,0.16,-0.0001,0.1482,0.0651,1.0002,1.0002,2,12.6915,71859.348655,0.1055
1787217600,99,0.6667,0.4615,0.16,-0.0001,0.1361,0.0697,1.0002,1.0002,2,12.660202,71999.713104,0.0
1787217900,100,0.6667,0.4615,0.16,-0.0001,0.147,0.0366,1.0002,1.0002,2,12.6623,71799.374783,0.0
1787218200,100,0.6667,0.4615,0.16,-0.0001,0.1303,0.0823,1.0002,1.0002,2,12.6349,71916.754408,0.0
1787218500,99,0.6667,0.4615,0.16,-0.0001,0.1477,0.0461,1.0002,1.0002,2,12.88202,71857.121233,-0.0764
1787218800,100,0.6667,0.4615,0.16,-0.0001,0.1543,0.0355,1.0002,1.0002,2,12.5291,71979.139088,0.0
1787219100,100,0.6667,0.4615,0.16,-0.0001,0.1505,0.047,1.0002,1.0002,2,12.9016,71890.288685,0.0
1787219400,100,0.6667,0.4615,0.16,-0.0001,0.1559,0.0389,1.0002,1.0002,2,12.6511,71685.213119,-0.0764
1787219700,99,0.6667,0.4615,0.16,-0.0001,0.1625,0.0239,1.0002,1.0002,2,12.470909,71785.692197,0.0
1787220000,100,0.6667,0.4615,0.0545,-0.0001,0.1426,0.0636,1.0002,1.0002,2,12.9684,71753.9391,-0.1055
1787220300,100,0.6667,0.4615,0.16,-0.0001,0.1351,0.0605,1.0002,1.0002,2,12.9006,71830.737634,0.0
1787220600,99,0.6667,0.4615,0.16,-0.0001,0.1324,0.0665,1.0002,1.0002,2,12.790101,72046.758213,0.1055
1787220900,100,0.6667,0.4615,0.16,-0.0001,0.1315,0.0706,1.0002,1.0002,2,12.8467,72377.077465,0.0
1787221200,100,0.6667,0.4615,0.16,-0.0001,0.1561,0.0537,1.0002,1.0002,2,12.6726,72223.184337,0.0
1787221500,99,0.6667,0.4615,0.16,-0.0001,0.1475,0.0582,1.0002,1.0002,2,12.555455,72016.534326,0.0
1787221800,100,0.6667,0.4615,0.16,-0.0001,0.1532,0.0523,1.0002,1.0002,2,12.1838,71858.22006,0.0
1787222100,100,0.6667,0.4615,0.16,-0.0001,0.1552,0.0276,1.0002,1.0002,2,12.8927,71835.227851,0.0
1787222400,99,0.6667,0.4615,0.16,-0.0001,0.1468,0.0524,1.0002,1.0002,2,12.630101,71788.42748,0.32
1787222700,100,0.6667,0.4615,0.16,-0.0001,0.143,0.0597,1.0002,1.0002,2,12.6197,71845.490787,0.0
1787223000,100,0.6667,0.4615,0.16,-0.0001,0.1504,0.0538,1.0002,1.0002,2,13.4171,71898.134582,0.0
1787223300,99,0.6667,0.4615,0.16,-0.0001,0.1578,0.0282,1.0002,1.0002,2,12.758283,71976.420777,0.0
1787223600,100,0.6667,0.4615,0.16,-0.0001,0.1421,0.0608,1.0002,1.0002,2,12.7864,72036.615629,-0.0
1787223900,100,0.6667,0.4615,0.16,-0.0001,0.1601,0.0453,1.0002,1.0002,2,12.525,71933.194613,0.0
